<?xml version="1.0" encoding="UTF-8"?>
<project-private xmlns="http://www.netbeans.org/ns/project-private/1">
    <editor-bookmarks xmlns="http://www.netbeans.org/ns/editor-bookmarks/2" lastBookmarkId="0"/>
    <open-files xmlns="http://www.netbeans.org/ns/projectui-open-files/2">
        <group>
            <file>file:/C:/xampp1/htdocs/PhpProjectPPIAmericana/composer.json</file>
            <file>file:/C:/xampp1/htdocs/PhpProjectPPIAmericana/controllers/envioNotaVideo.js</file>
            <file>file:/C:/xampp1/htdocs/PhpProjectPPIAmericana/controllers/logout.php</file>
            <file>file:/C:/xampp1/htdocs/PhpProjectPPIAmericana/controllers/AuthController.php</file>
            <file>file:/C:/xampp1/htdocs/PhpProjectPPIAmericana/controllers/AlumnosController.php</file>
            <file>file:/C:/xampp1/htdocs/PhpProjectPPIAmericana/config/database.php</file>
            <file>file:/C:/xampp1/htdocs/PhpProjectPPIAmericana/views/Alumnos/dashboardAlumnos.php</file>
            <file>file:/C:/xampp1/htdocs/PhpProjectPPIAmericana/views/auth/login.php</file>
        </group>
    </open-files>
</project-private>
